{
  "geographic_bounds": {
    "min_longitude": 120.2649250458194,
    "max_longitude": 120.26793295418061,
    "min_latitude": 31.515932128428094,
    "max_latitude": 31.52073342876254,
    "center_longitude": 120.266429,
    "center_latitude": 31.518332778595315,
    "longitude_range": 0.0030079083612122304,
    "latitude_range": 0.004801300334445813
  },
  "grid_info": {
    "grid_resolution": 300,
    "grid_width": 300,
    "grid_height": 300,
    "valid_pixels": 46924
  },
  "projection_info": {
    "coordinate_system": "WGS84",
    "units": "degrees",
    "note": "经纬度坐标，适用于Web地图叠加"
  }
}