{
  "Twilight Sparkle": 0.5604695081710815,
  "Rarity": 0.602963924407959,
  "Fluttershy": 0.6120264530181885,
  "Rainbow Dash": 0.6895495057106018,
  "Pinkie Pie": 0.6107073426246643,
  "Applejack": 0.6479049324989319
}