{
  "open_pillow": {
    "name": "Pillow",
    "iterations": 50,
    "total_time": 0.024267694003356155,
    "avg_time": 0.0004853538800671231,
    "min_time": 7.922200165921822e-05,
    "max_time": 0.01990391700383043
  },
  "open_imgrs": {
    "name": "imgrs",
    "iterations": 50,
    "total_time": 0.00012356799561530352,
    "avg_time": 2.4713599123060703e-06,
    "min_time": 1.510998117737472e-06,
    "max_time": 4.280099528841674e-05
  },
  "save_pillow": {
    "name": "Pillow",
    "iterations": 50,
    "total_time": 6.705694344986114,
    "avg_time": 0.13411388689972228,
    "min_time": 0.08936064499721397,
    "max_time": 0.5365110929997172
  },
  "save_imgrs": {
    "name": "imgrs",
    "iterations": 50,
    "total_time": 0.7874095779770869,
    "avg_time": 0.015748191559541738,
    "min_time": 0.011839500999485608,
    "max_time": 0.09544618200015975
  },
  "convert_pillow": {
    "name": "Pillow",
    "iterations": 50,
    "total_time": 0.15324654499272583,
    "avg_time": 0.0030649308998545164,
    "min_time": 0.002309105999302119,
    "max_time": 0.01464202199713327
  },
  "convert_imgrs": {
    "name": "imgrs",
    "iterations": 50,
    "total_time": 0.25506466598744737,
    "avg_time": 0.005101293319748948,
    "min_time": 0.003953096995246597,
    "max_time": 0.013495638006133959
  },
  "rotate_pillow": {
    "name": "Pillow",
    "iterations": 50,
    "total_time": 0.2413964060106082,
    "avg_time": 0.004827928120212164,
    "min_time": 0.003112372003670316,
    "max_time": 0.014833617002295796
  },
  "rotate_imgrs": {
    "name": "imgrs",
    "iterations": 50,
    "total_time": 0.4553995770038455,
    "avg_time": 0.00910799154007691,
    "min_time": 0.00728871700266609,
    "max_time": 0.022125753996078856
  },
  "flip_pillow": {
    "name": "Pillow",
    "iterations": 50,
    "total_time": 0.1704253900097683,
    "avg_time": 0.003408507800195366,
    "min_time": 0.0021278159983921796,
    "max_time": 0.013403324999671895
  },
  "flip_imgrs": {
    "name": "imgrs",
    "iterations": 50,
    "total_time": 0.44068063502345467,
    "avg_time": 0.008813612700469093,
    "min_time": 0.00758024300012039,
    "max_time": 0.022460129999672063
  },
  "resize_pillow": {
    "name": "Pillow",
    "iterations": 50,
    "total_time": 0.8167168789732386,
    "avg_time": 0.016334337579464772,
    "min_time": 0.014834766996500548,
    "max_time": 0.027109800998005085
  },
  "resize_imgrs": {
    "name": "imgrs",
    "iterations": 50,
    "total_time": 0.5293259829850285,
    "avg_time": 0.010586519659700571,
    "min_time": 0.009002371996757574,
    "max_time": 0.019369150999409612
  },
  "crop_pillow": {
    "name": "Pillow",
    "iterations": 50,
    "total_time": 0.015745051961857826,
    "avg_time": 0.0003149010392371565,
    "min_time": 7.166599971242249e-05,
    "max_time": 0.011858025995024946
  },
  "crop_imgrs": {
    "name": "imgrs",
    "iterations": 50,
    "total_time": 0.03960813697631238,
    "avg_time": 0.0007921627395262476,
    "min_time": 0.0005218619990046136,
    "max_time": 0.009182738001982216
  },
  "split_pillow": {
    "name": "Pillow",
    "iterations": 50,
    "total_time": 0.1631865889794426,
    "avg_time": 0.003263731779588852,
    "min_time": 0.0022792769959778525,
    "max_time": 0.012114418001146987
  },
  "split_imgrs": {
    "name": "imgrs",
    "iterations": 50,
    "total_time": 0.38404495703434804,
    "avg_time": 0.007680899140686961,
    "min_time": 0.006254198000533506,
    "max_time": 0.01624425300542498
  },
  "workflow_pillow": {
    "name": "Pillow",
    "iterations": 50,
    "total_time": 1.981756280962145,
    "avg_time": 0.0396351256192429,
    "min_time": 0.026126261000172235,
    "max_time": 0.11312688599718967
  },
  "workflow_imgrs": {
    "name": "imgrs",
    "iterations": 50,
    "total_time": 2.2506828059922555,
    "avg_time": 0.04501365611984511,
    "min_time": 0.02546678899670951,
    "max_time": 0.10854815799393691
  }
}