display_name,compartment,unit,initial_concentration,steady_state_concentration,rate,steady_state_transition_time
Susceptible,Wuhan,#/ml,11081000.0,11078245.437846586,1.494642128745811e-25,9.85298117399329e+30
Exposed,Wuhan,#/ml,105.1,-6.72084247699335e-25,-1.6546186633960274e-26,5.970997133110485
Infected,Wuhan,#/ml,27.679,-1.3409373211308847e-25,-2.1289923799034893e-26,1.6083976461070864
Asymptomatic,Wuhan,#/ml,53.539,1.0137809265176267e-25,-2.681156172878944e-26,3.7811334407613395
Susceptible_quarantined,Wuhan,#/ml,739.0,-1.3648480107124957e-23,-3.690606560817964e-26,13.48935259582575
Exposed_quarantined,Wuhan,#/ml,1.1642,1.260157964436253e-25,-1.5865410031109704e-26,7.9428011123902325
Hospitalised,Wuhan,#/ml,1.0,1.1309109937248425e-25,-1.507121108286487e-26,3.655576239861976
Recovered,Wuhan,#/ml,2.0,20.3077925152974,-1.6973479597711034e-26,4.585205601391296e+26
