{"A431": {"TTT": 1.0, "TTC": 0.638459523185748, "ATT": 1.0, "ATC": 0.7297081167532987, "ATA": 0.7113154738104758, "GTT": 0.7861514919663352, "GTC": 0.6388676358071921, "GTA": 0.5700076511094109, "GTG": 1.0, "CCT": 0.963744232036915, "CCC": 0.8404746209624259, "CCA": 1.0, "CCG": 0.4030982201713909, "ACT": 0.8191531460229521, "ACC": 0.8322121092204194, "ACA": 1.0, "ACG": 0.3043134151167392, "GCT": 0.9496831904584421, "GCC": 1.0, "GCA": 0.8878121505777116, "GCG": 0.40178904211703315, "TAT": 1.0, "TAC": 0.8378378378378378, "CAT": 1.0, "CAC": 0.9101599247412983, "CAA": 0.7989233692210259, "CAG": 1.0, "AAT": 1.0, "AAC": 0.822398662766402, "AAA": 1.0, "AAG": 0.8733420026007802, "GAT": 1.0, "GAC": 0.9228052472250252, "GAA": 1.0, "GAG": 0.9351032448377581, "TGT": 1.0, "TGC": 0.9047261815453863, "GGT": 0.6812137742925333, "GGC": 0.9137401977497442, "GGA": 1.0, "GGG": 0.8554381179679509, "TTA": 0.5226781857451404, "TTG": 0.7054535637149028, "CTT": 0.7092332613390929, "CTC": 0.6779157667386609, "CTA": 0.4611231101511879, "CTG": 1.0, "TCT": 1.0, "TCC": 0.9484536082474226, "TCA": 0.9641084383352425, "TCG": 0.3245513554791905, "AGT": 0.8529973272241314, "AGC": 0.9557082856051928, "CGT": 0.22820823244552058, "CGC": 0.3435230024213075, "CGA": 0.24757869249394673, "CGG": 0.35108958837772397, "AGA": 1.0, "AGG": 0.9119249394673123, "ATG": 1.0, "TGG": 1.0}}